country,crop,year,area_ha,production_t,yield_raw,yield_t_ha,producer_price_usd_t,output_value_usd
Nigeria,Cassava,1961,780000.0,7384000.0,9466.7,9.466666666666667,,
Nigeria,Cassava,1962,865000.0,7583000.0,8766.5,8.766473988439307,,
Nigeria,Cassava,1963,801000.0,7783000.0,9716.6,9.716604244694132,,
Nigeria,Cassava,1964,870000.0,7982000.0,9174.7,9.174712643678161,,
Nigeria,Cassava,1965,829000.0,8182000.0,9869.7,9.86972255729795,,
Nigeria,Cassava,1966,910000.0,8382000.0,9211.0,9.21098901098901,,
Nigeria,Cassava,1967,958000.0,8581000.0,8957.2,8.957202505219207,,
Nigeria,Cassava,1968,902000.0,8801000.0,9757.2,9.757206208425721,,
Nigeria,Cassava,1969,906000.0,9040000.0,9977.9,9.977924944812361,,
Nigeria,Cassava,1970,857000.0,10206000.0,11909.0,11.908984830805133,,
Nigeria,Cassava,1971,900000.0,9172000.0,10191.1,10.19111111111111,,
Nigeria,Cassava,1972,960000.0,9570000.0,9968.8,9.96875,,
Nigeria,Cassava,1973,970000.0,9600000.0,9896.9,9.896907216494846,,
Nigeria,Cassava,1974,1000000.0,9500000.0,9500.0,9.5,,
Nigeria,Cassava,1975,1050000.0,10500000.0,10000.0,10.0,,
Nigeria,Cassava,1976,1080000.0,11000000.0,10185.2,10.185185185185185,,
Nigeria,Cassava,1977,1100000.0,11000000.0,10000.0,10.0,,
Nigeria,Cassava,1978,1100000.0,12000000.0,10909.1,10.909090909090908,,
Nigeria,Cassava,1979,1150000.0,12000000.0,10434.8,10.434782608695652,,
Nigeria,Cassava,1980,1200000.0,11500000.0,9583.3,9.583333333333334,,
Nigeria,Cassava,1981,1200000.0,11000000.0,9166.7,9.166666666666666,,
Nigeria,Cassava,1982,1250000.0,11700000.0,9360.0,9.36,,
Nigeria,Cassava,1983,1100000.0,9950000.0,9045.5,9.045454545454545,,
Nigeria,Cassava,1984,1259000.0,11800000.0,9372.5,9.37251787132645,,
Nigeria,Cassava,1985,1075000.0,12090000.0,11246.5,11.246511627906976,,
Nigeria,Cassava,1986,1095000.0,12388000.0,11313.2,11.31324200913242,,
Nigeria,Cassava,1987,1288000.0,13876000.0,10773.3,10.773291925465838,,
Nigeria,Cassava,1988,1347000.0,15439000.0,11461.8,11.461766889383815,,
Nigeria,Cassava,1989,1639778.0,17404000.0,10613.6,10.613631845286374,,
Nigeria,Cassava,1990,1634130.0,19043008.0,11653.3,11.65330053300533,,
Nigeria,Cassava,1991,2551000.0,26004000.0,10193.6,10.193649549196394,208.5,5421834000.0
Nigeria,Cassava,1992,2755000.0,29184000.0,10593.1,10.593103448275862,135.3,3948595200.0000005
Nigeria,Cassava,1993,2844000.0,30128000.0,10593.5,10.59353023909986,210.3,6335918400.0
Nigeria,Cassava,1994,2927000.0,31005000.0,10592.8,10.5927570891698,124.5,3860122500.0
Nigeria,Cassava,1995,2944000.0,31404000.0,10667.1,10.66711956521739,107.7,3382210800.0
Nigeria,Cassava,1996,2946000.0,31418000.0,10664.6,10.664630006788867,138.6,4354534800.0
Nigeria,Cassava,1997,2697400.0,32050000.0,11881.8,11.881812115370357,150.6,4826730000.0
Nigeria,Cassava,1998,3042500.0,32695000.0,10746.1,10.746096959737057,139.4,4557683000.0
Nigeria,Cassava,1999,3406000.0,32697000.0,9599.8,9.599823840281855,147.5,4822807500.0
Nigeria,Cassava,2000,3300000.0,32010000.0,9700.0,9.7,,
Nigeria,Cassava,2001,3340000.0,32068000.0,9601.2,9.60119760479042,164.5,5275186000.0
Nigeria,Cassava,2002,3446000.0,34120000.0,9901.3,9.901334881021475,191.4,6530568000.0
Nigeria,Cassava,2003,3490000.0,36304000.0,10402.3,10.402292263610315,170.3,6182571200.0
Nigeria,Cassava,2004,3531000.0,38845000.0,11001.1,11.00113282356273,145.5,5651947500.0
Nigeria,Cassava,2005,3782000.0,41565000.0,10990.2,10.990216816499206,167.0,6941355000.0
Nigeria,Cassava,2006,3810000.0,45721000.0,12000.3,12.0002624671916,187.2,8558971199.999999
Nigeria,Cassava,2007,3875000.0,43410000.0,11202.6,11.20258064516129,174.6,7579386000.0
Nigeria,Cassava,2008,3778000.0,44582000.0,11800.4,11.800423504499735,283.8,12652371600.0
Nigeria,Cassava,2009,3129030.0,36822248.0,11767.9,11.767943420165354,120.8,4448127558.4
Nigeria,Cassava,2010,3481900.0,42533180.0,12215.5,12.21550877394526,142.5,6060978150.0
Nigeria,Cassava,2011,4120166.0,46190248.0,11210.8,11.210773546502738,143.6,6632919612.8
Nigeria,Cassava,2012,6401996.0,50950292.0,7958.5,7.95850106747958,151.9,7739349354.8
Nigeria,Cassava,2013,6741300.0,47406770.0,7032.3,7.032289024372154,159.6,7566120492.0
Nigeria,Cassava,2014,7096300.0,54324700.0,7655.4,7.6553556078519795,,
Nigeria,Cassava,2015,7900630.0,57405060.0,7265.9,7.265883859894717,,
Nigeria,Cassava,2016,6668996.0,60529864.0,9076.3,9.076308337866749,,
Nigeria,Cassava,2017,6761350.0,61350199.0,9073.7,9.073661177131786,,
Nigeria,Cassava,2018,6949400.0,65350850.0,9403.8,9.403811839871068,,
Nigeria,Cassava,2019,9776650.0,56969160.0,5827.1,5.827063462433451,,
Nigeria,Cassava,2020,9614230.0,55565610.0,5779.5,5.77951744445473,,
Nigeria,Cassava,2021,9979330.0,58237500.0,5835.8,5.835812624695245,,
Nigeria,Cassava,2022,10043720.0,61359000.56,6109.2,6.109190674371647,,
Nigeria,Cassava,2023,10127666.0,62751586.43,6196.1,6.1960560735316506,,
Nigeria,Cassava,2024,10722539.0,62624946.19,5840.5,5.840496004724254,,
Nigeria,Cowpea,1961,1216000.0,431000.0,354.4,0.35444078947368424,,
Nigeria,Cowpea,1962,1473000.0,508000.0,344.9,0.3448744059742023,,
Nigeria,Cowpea,1963,2638000.0,611000.0,231.6,0.23161485974222895,,
Nigeria,Cowpea,1964,2531000.0,616000.0,243.4,0.24338206242591862,,
Nigeria,Cowpea,1965,2743000.0,646000.0,235.5,0.23550856726212177,,
Nigeria,Cowpea,1966,3043000.0,580000.0,190.6,0.19060138021689121,,
Nigeria,Cowpea,1967,3935000.0,550000.0,139.8,0.1397712833545108,,
Nigeria,Cowpea,1968,3364000.0,648000.0,192.6,0.19262782401902498,,
Nigeria,Cowpea,1969,4049000.0,931000.0,229.9,0.22993331686836255,,
Nigeria,Cowpea,1970,3820000.0,884000.0,231.4,0.23141361256544501,,
Nigeria,Cowpea,1971,3790000.0,801000.0,211.3,0.21134564643799472,,
Nigeria,Cowpea,1972,2464000.0,408000.0,165.6,0.16558441558441558,,
Nigeria,Cowpea,1973,3256000.0,530000.0,162.8,0.16277641277641278,,
Nigeria,Cowpea,1974,2937000.0,1097000.0,373.5,0.3735103847463398,,
Nigeria,Cowpea,1975,3033000.0,858000.0,282.9,0.2828882294757666,,
Nigeria,Cowpea,1976,2721000.0,727000.0,267.2,0.26718118338846014,,
Nigeria,Cowpea,1977,1552000.0,408000.0,262.9,0.26288659793814434,,
Nigeria,Cowpea,1978,1406000.0,498000.0,354.2,0.3541963015647226,,
Nigeria,Cowpea,1979,1406000.0,624000.0,443.8,0.4438122332859175,,
Nigeria,Cowpea,1980,1463000.0,510000.0,348.6,0.34859876965140124,,
Nigeria,Cowpea,1981,1173000.0,560000.0,477.4,0.4774083546462063,,
Nigeria,Cowpea,1982,1520000.0,616000.0,405.3,0.4052631578947368,,
Nigeria,Cowpea,1983,1183000.0,583000.0,492.8,0.49281487743026203,,
Nigeria,Cowpea,1984,1106000.0,477000.0,431.3,0.43128390596745025,,
Nigeria,Cowpea,1985,1405000.0,611000.0,434.9,0.43487544483985763,,
Nigeria,Cowpea,1986,1405000.0,642000.0,456.9,0.45693950177935944,,
Nigeria,Cowpea,1987,1496000.0,688000.0,459.9,0.45989304812834225,,
Nigeria,Cowpea,1988,1542000.0,887000.0,575.2,0.5752269779507133,,
Nigeria,Cowpea,1989,1643000.0,1232000.0,749.8,0.7498478393183201,,
Nigeria,Cowpea,1990,1805000.0,1352000.0,749.0,0.7490304709141274,,
Nigeria,Cowpea,1991,1885740.0,1354000.0,718.0,0.7180205118415052,798.7,1081439800.0
Nigeria,Cowpea,1992,2767000.0,1411000.0,509.9,0.509938561619082,528.7,745995700.0000001
Nigeria,Cowpea,1993,3090000.0,1576000.0,510.0,0.510032362459547,835.7,1317063200.0
Nigeria,Cowpea,1994,3029000.0,1545000.0,510.1,0.5100693298118191,596.1,920974500.0
Nigeria,Cowpea,1995,3585000.0,1751000.0,488.4,0.4884239888423989,444.1,777619100.0
Nigeria,Cowpea,1996,4001000.0,1847000.0,461.6,0.46163459135216195,592.8,1094901600.0
Nigeria,Cowpea,1997,4009000.0,1909000.0,476.2,0.47617859815415314,511.9,977217100.0
Nigeria,Cowpea,1998,5025000.0,2055000.0,409.0,0.408955223880597,478.2,982701000.0
Nigeria,Cowpea,1999,3513000.0,2108000.0,600.1,0.6000569313976658,472.2,995397600.0
Nigeria,Cowpea,2000,3583000.0,2150000.0,600.1,0.6000558191459671,,
Nigeria,Cowpea,2001,3620000.0,2172000.0,600.0,0.6,542.3,1177875600.0
Nigeria,Cowpea,2002,3668000.0,2311000.0,630.0,0.6300436205016358,518.8,1198946800.0
Nigeria,Cowpea,2003,3726000.0,2459000.0,660.0,0.6599570585077832,451.1,1109254900.0
Nigeria,Cowpea,2004,3986000.0,2631000.0,660.1,0.6600602107375816,518.9,1365225900.0
Nigeria,Cowpea,2005,4140000.0,2815000.0,680.0,0.6799516908212561,745.2,2097738000.0000002
Nigeria,Cowpea,2006,4406000.0,3040000.0,690.0,0.6899682251475261,671.4,2041056000.0
Nigeria,Cowpea,2007,4491000.0,3000000.0,668.0,0.6680026720106881,608.4,1825200000.0
Nigeria,Cowpea,2008,4289000.0,2916000.0,679.9,0.6798787596176264,,
Nigeria,Cowpea,2009,2320590.0,2371640.0,1022.0,1.0219987158438155,178.0,422151920.0
Nigeria,Cowpea,2010,2859760.0,3368250.0,1177.8,1.1778086272973955,359.9,1212233175.0
Nigeria,Cowpea,2011,3021175.0,1643851.0,544.1,0.5441098248198135,377.5,620553752.5
Nigeria,Cowpea,2012,3481000.0,5146000.0,1478.3,1.478310830221201,381.5,1963199000.0
Nigeria,Cowpea,2013,3593300.0,4630540.0,1288.7,1.2886594495310717,388.3,1798038682.0
Nigeria,Cowpea,2014,3701500.0,2137900.0,577.6,0.5775766581115764,,
Nigeria,Cowpea,2015,3635700.0,2306200.0,634.3,0.634320763539346,,
Nigeria,Cowpea,2016,4814540.0,3750470.0,779.0,0.7789882314821354,,
Nigeria,Cowpea,2017,5008440.0,3874740.0,773.6,0.7736420921484534,,
Nigeria,Cowpea,2018,4909060.0,4007830.0,816.4,0.8164149552052735,,
Nigeria,Cowpea,2019,4931320.0,4064710.0,824.3,0.8242640915616914,,
Nigeria,Cowpea,2020,4973530.0,4132850.0,831.0,0.8309691506837196,,
Nigeria,Cowpea,2021,5041990.0,4213100.0,835.6,0.8356026092872061,,
Nigeria,Cowpea,2022,4922010.0,4213094.04,856.0,0.8559702316736455,,
Nigeria,Cowpea,2023,5006871.0,4285752.86,856.0,0.8559742921277581,,
Nigeria,Cowpea,2024,5142986.0,4287630.86,833.7,0.8336851121119132,,
Nigeria,Groundnut,1961,1488000.0,1565000.0,1051.7,1.051747311827957,,
Nigeria,Groundnut,1962,1501000.0,1923000.0,1281.1,1.2811459027315124,,
Nigeria,Groundnut,1963,1992000.0,1977000.0,992.5,0.9924698795180723,,
Nigeria,Groundnut,1964,2000000.0,1849000.0,924.5,0.9245,,
Nigeria,Groundnut,1965,2229000.0,1978000.0,887.4,0.8873934499775684,,
Nigeria,Groundnut,1966,2254000.0,1693000.0,751.1,0.751109139307897,,
Nigeria,Groundnut,1967,2256000.0,1558000.0,690.6,0.6906028368794326,,
Nigeria,Groundnut,1968,1941000.0,1813000.0,934.1,0.9340546110252447,,
Nigeria,Groundnut,1969,1833000.0,1846000.0,1007.1,1.0070921985815602,,
Nigeria,Groundnut,1970,1870000.0,1581000.0,845.5,0.8454545454545455,,
Nigeria,Groundnut,1971,1795000.0,1381000.0,769.4,0.7693593314763231,,
Nigeria,Groundnut,1972,2033000.0,1350000.0,664.0,0.6640432857845548,,
Nigeria,Groundnut,1973,2076000.0,878000.0,422.9,0.4229287090558767,,
Nigeria,Groundnut,1974,1815000.0,1935000.0,1066.1,1.0661157024793388,,
Nigeria,Groundnut,1975,1418000.0,458000.0,323.0,0.3229901269393512,,
Nigeria,Groundnut,1976,684000.0,459000.0,671.1,0.6710526315789473,,
Nigeria,Groundnut,1977,763000.0,603000.0,790.3,0.7903014416775884,,
Nigeria,Groundnut,1978,710000.0,701000.0,987.3,0.9873239436619718,,
Nigeria,Groundnut,1979,504000.0,507000.0,1006.0,1.005952380952381,,
Nigeria,Groundnut,1980,563000.0,471000.0,836.6,0.8365896980461812,,
Nigeria,Groundnut,1981,650000.0,530000.0,815.4,0.8153846153846154,,
Nigeria,Groundnut,1982,497000.0,458000.0,921.5,0.9215291750503019,,
Nigeria,Groundnut,1983,650000.0,591000.0,909.2,0.9092307692307692,,
Nigeria,Groundnut,1984,600000.0,546000.0,910.0,0.91,,
Nigeria,Groundnut,1985,594000.0,621000.0,1045.5,1.0454545454545454,,
Nigeria,Groundnut,1986,793000.0,896000.0,1129.9,1.1298865069356874,,
Nigeria,Groundnut,1987,597000.0,687000.0,1150.8,1.150753768844221,,
Nigeria,Groundnut,1988,707000.0,1016000.0,1437.1,1.4370579915134372,,
Nigeria,Groundnut,1989,800000.0,1017000.0,1271.3,1.27125,,
Nigeria,Groundnut,1990,707000.0,1166000.0,1649.2,1.6492220650636493,,
Nigeria,Groundnut,1991,1127000.0,1361000.0,1207.6,1.2076308784383318,633.7,862465700.0000001
Nigeria,Groundnut,1992,1046000.0,1297000.0,1240.0,1.239961759082218,395.6,513093200.0
Nigeria,Groundnut,1993,1121000.0,1323000.0,1180.2,1.1801962533452275,689.3,911943899.9999999
Nigeria,Groundnut,1994,1571000.0,1453000.0,924.9,0.92488860598345,377.8,548943400.0
Nigeria,Groundnut,1995,1767000.0,1579000.0,893.6,0.8936049801924165,326.9,516175099.99999994
Nigeria,Groundnut,1996,2266000.0,2278000.0,1005.3,1.0052956751985878,316.4,720759200.0
Nigeria,Groundnut,1997,2251500.0,2531000.0,1124.1,1.124139462580502,226.0,572006000.0
Nigeria,Groundnut,1998,2604700.0,2534000.0,972.9,0.97285675893577,260.6,660360400.0
Nigeria,Groundnut,1999,1929000.0,2894000.0,1500.3,1.5002592016588907,304.3,880644200.0
Nigeria,Groundnut,2000,1934000.0,2901000.0,1500.0,1.5,275.3,798645300.0
Nigeria,Groundnut,2001,1731000.0,2683000.0,1550.0,1.5499711149624495,365.4,980368199.9999999
Nigeria,Groundnut,2002,1878000.0,2855000.0,1520.2,1.520234291799787,423.0,1207665000.0
Nigeria,Groundnut,2003,1985000.0,3037000.0,1530.0,1.5299748110831235,379.6,1152845200.0
Nigeria,Groundnut,2004,2097000.0,3250000.0,1549.8,1.5498330948974726,439.5,1428375000.0
Nigeria,Groundnut,2005,2187000.0,3478000.0,1590.3,1.5903063557384545,459.6,1598488800.0
Nigeria,Groundnut,2006,2224000.0,3825000.0,1719.9,1.7198741007194245,543.5,2078887500.0
Nigeria,Groundnut,2007,2202638.0,2847373.0,1292.7,1.2927103772839659,454.5,1294131028.5
Nigeria,Groundnut,2008,2336400.0,2872740.0,1229.6,1.229558294812532,529.7,1521690378.0000002
Nigeria,Groundnut,2009,2643330.0,2977620.0,1126.5,1.1264654810409598,180.7,538055934.0
Nigeria,Groundnut,2010,2789180.0,3799240.0,1362.1,1.3621351078094637,242.5,921315700.0
Nigeria,Groundnut,2011,2353680.0,2962627.0,1258.7,1.258721236531729,254.3,753396046.1
Nigeria,Groundnut,2012,2659800.0,3313500.0,1245.8,1.2457703586735844,257.2,852232200.0
Nigeria,Groundnut,2013,2732700.0,2474530.0,905.5,0.9055256705822081,267.8,662679134.0
Nigeria,Groundnut,2014,2799773.0,3399158.0,1214.1,1.2140834274778705,,
Nigeria,Groundnut,2015,2801756.0,3467446.0,1237.6,1.237597421045944,,
Nigeria,Groundnut,2016,3458710.0,4360500.0,1260.7,1.2607301566190863,,
Nigeria,Groundnut,2017,3596850.0,4521450.0,1257.1,1.2570582593102297,,
Nigeria,Groundnut,2018,3759976.0,4600000.0,1223.4,1.2234120643323256,,
Nigeria,Groundnut,2019,3601541.0,4357032.01,1209.8,1.2097688211796005,,
Nigeria,Groundnut,2020,3620190.0,4230560.0,1168.6,1.1686016479798023,,
Nigeria,Groundnut,2021,3702210.0,4227520.0,1141.9,1.1418909246098952,,
Nigeria,Groundnut,2022,3400000.0,4284000.0,1260.0,1.26,,
Nigeria,Groundnut,2023,3450000.0,4300000.0,1246.4,1.2463768115942029,,
Nigeria,Groundnut,2024,3450000.0,4300000.0,1246.4,1.2463768115942029,,
Nigeria,Maize,1961,1375000.0,1107000.0,805.1,0.8050909090909091,,
Nigeria,Maize,1962,1120000.0,991000.0,884.8,0.8848214285714285,,
Nigeria,Maize,1963,1140000.0,1167000.0,1023.7,1.0236842105263158,,
Nigeria,Maize,1964,1471000.0,1118000.0,760.0,0.7600271923861319,,
Nigeria,Maize,1965,1404000.0,1160000.0,826.2,0.8262108262108262,,
Nigeria,Maize,1966,1145000.0,975000.0,851.5,0.851528384279476,,
Nigeria,Maize,1967,1163000.0,950000.0,816.9,0.8168529664660361,,
Nigeria,Maize,1968,1095000.0,1126000.0,1028.3,1.028310502283105,,
Nigeria,Maize,1969,1371000.0,1255000.0,915.4,0.9153902261123268,,
Nigeria,Maize,1970,1449000.0,1443000.0,995.9,0.9958592132505176,,
Nigeria,Maize,1971,1218000.0,1274000.0,1046.0,1.0459770114942528,,
Nigeria,Maize,1972,1115000.0,639000.0,573.1,0.5730941704035875,,
Nigeria,Maize,1973,1246000.0,808000.0,648.5,0.6484751203852327,,
Nigeria,Maize,1974,579000.0,528000.0,911.9,0.9119170984455959,,
Nigeria,Maize,1975,971000.0,1332000.0,1371.8,1.37178166838311,,
Nigeria,Maize,1976,892000.0,1068000.0,1197.3,1.1973094170403586,,
Nigeria,Maize,1977,610000.0,650000.0,1065.6,1.0655737704918034,,
Nigeria,Maize,1978,519000.0,658000.0,1267.8,1.2678227360308285,,
Nigeria,Maize,1979,425000.0,488000.0,1148.2,1.148235294117647,,
Nigeria,Maize,1980,465000.0,612000.0,1316.1,1.3161290322580645,,
Nigeria,Maize,1981,438000.0,720000.0,1643.8,1.643835616438356,,
Nigeria,Maize,1982,556000.0,766000.0,1377.7,1.3776978417266188,,
Nigeria,Maize,1983,1058000.0,1027000.0,970.7,0.9706994328922496,,
Nigeria,Maize,1984,1050000.0,1196000.0,1139.0,1.139047619047619,,
Nigeria,Maize,1985,1556000.0,1826000.0,1173.5,1.173521850899743,,
Nigeria,Maize,1986,2800000.0,3550000.0,1267.9,1.2678571428571428,,
Nigeria,Maize,1987,3408000.0,4612000.0,1353.3,1.3532863849765258,,
Nigeria,Maize,1988,3212000.0,5268000.0,1640.1,1.6400996264009962,,
Nigeria,Maize,1989,3590000.0,5008000.0,1395.0,1.3949860724233982,,
Nigeria,Maize,1990,5104000.0,5768000.0,1130.1,1.1300940438871474,,
Nigeria,Maize,1991,5142000.0,5810000.0,1129.9,1.129910540645663,334.8,1945188000.0
Nigeria,Maize,1992,5223000.0,5840000.0,1118.1,1.1181313421405323,318.8,1861792000.0
Nigeria,Maize,1993,5309000.0,6290000.0,1184.8,1.1847805613109814,338.1,2126649000.0000002
Nigeria,Maize,1994,5426000.0,6902000.0,1272.0,1.2720235901216366,156.2,1078092400.0
Nigeria,Maize,1995,5472000.0,6931000.0,1266.6,1.2666301169590644,235.9,1635022900.0
Nigeria,Maize,1996,4273400.0,5667000.0,1326.1,1.326110357092713,230.3,1305110100.0
Nigeria,Maize,1997,4200000.0,5254000.0,1251.0,1.250952380952381,295.2,1550980800.0
Nigeria,Maize,1998,3884000.0,5127000.0,1320.0,1.320030895983522,318.5,1632949500.0
Nigeria,Maize,1999,3423000.0,5476000.0,1599.8,1.5997662868828513,207.8,1137912800.0
Nigeria,Maize,2000,3159000.0,4107000.0,1300.1,1.3000949667616335,,
Nigeria,Maize,2001,3283000.0,4596000.0,1399.9,1.3999390801096558,341.4,1569074400.0
Nigeria,Maize,2002,3282000.0,4890000.0,1489.9,1.489945155393053,383.0,1872870000.0
Nigeria,Maize,2003,3469000.0,5203000.0,1499.9,1.4998558662438743,294.2,1530722600.0
Nigeria,Maize,2004,3479000.0,5567000.0,1600.2,1.6001724633515377,335.5,1867728500.0
Nigeria,Maize,2005,3589000.0,5957000.0,1659.8,1.6597938144329898,477.4,2843871800.0
Nigeria,Maize,2006,3905000.0,7100000.0,1818.2,1.8181818181818181,438.3,3111930000.0
Nigeria,Maize,2007,3944000.0,6724000.0,1704.9,1.704868154158215,419.7,2822062800.0
Nigeria,Maize,2008,3845000.0,7525000.0,1957.1,1.9570871261378413,695.5,5233637500.0
Nigeria,Maize,2009,3350560.0,7358260.0,2196.1,2.196128408385464,169.9,1250168374.0
Nigeria,Maize,2010,4149310.0,7676850.0,1850.2,1.8501509889596102,333.0,2556391050.0
Nigeria,Maize,2011,5456540.0,8878456.0,1627.1,1.6271219490739552,342.7,3042646871.2
Nigeria,Maize,2012,5751300.0,8694900.0,1511.8,1.511814720150227,349.0,3034520100.0
Nigeria,Maize,2013,5762700.0,8422670.0,1461.6,1.461583979731723,354.3,2984151981.0
Nigeria,Maize,2014,6346551.0,10790600.0,1700.2,1.70023056617681,,
Nigeria,Maize,2015,5550360.0,9540190.0,1718.8,1.7188416607211063,,
Nigeria,Maize,2016,5904906.0,10532340.0,1783.7,1.783659214896901,,
Nigeria,Maize,2017,6389296.0,10632299.0,1664.1,1.6640798923699889,,
Nigeria,Maize,2018,6541183.0,10934149.0,1671.6,1.6715858583990082,,
Nigeria,Maize,2019,6783924.0,12598945.0,1857.2,1.8571766134172494,,
Nigeria,Maize,2020,6048600.0,12403300.0,2050.6,2.0506067519756637,245.8,3048731140.0
Nigeria,Maize,2021,6205280.0,12744450.0,2053.8,2.0538074027279993,,
Nigeria,Maize,2022,5800000.0,12948920.0,2232.6,2.2325724137931036,,
Nigeria,Maize,2023,5700000.0,11053000.0,1939.1,1.939122807017544,,
Nigeria,Maize,2024,5500000.0,11164000.0,2029.8,2.029818181818182,,
Nigeria,Millet,1961,4360000.0,2644000.0,606.4,0.6064220183486239,,
Nigeria,Millet,1962,4442000.0,2525000.0,568.4,0.5684376407023863,,
Nigeria,Millet,1963,4122000.0,2728000.0,661.8,0.6618146530810286,,
Nigeria,Millet,1964,4022000.0,2479000.0,616.4,0.6163600198906017,,
Nigeria,Millet,1965,4628000.0,2729000.0,589.7,0.5896715643906655,,
Nigeria,Millet,1966,4064000.0,1747000.0,429.9,0.4298720472440945,,
Nigeria,Millet,1967,4384000.0,2590000.0,590.8,0.5907846715328468,,
Nigeria,Millet,1968,4479000.0,2632000.0,587.6,0.5876311676713553,,
Nigeria,Millet,1969,4906000.0,3081000.0,628.0,0.6280065226253567,,
Nigeria,Millet,1970,4967000.0,3106000.0,625.3,0.625327159251057,,
Nigeria,Millet,1971,4789000.0,2834000.0,591.8,0.5917728126957611,,
Nigeria,Millet,1972,3690000.0,2391000.0,648.0,0.6479674796747967,,
Nigeria,Millet,1973,5651000.0,3794000.0,671.4,0.6713855954698283,,
Nigeria,Millet,1974,4787000.0,4465000.0,932.7,0.9327344892416962,,
Nigeria,Millet,1975,4629000.0,3552000.0,767.3,0.7673363577446533,,
Nigeria,Millet,1976,3930000.0,2893000.0,736.1,0.7361323155216285,,
Nigeria,Millet,1977,3089000.0,2579000.0,834.9,0.8348980252508903,,
Nigeria,Millet,1978,2273000.0,2386000.0,1049.7,1.0497140343158822,,
Nigeria,Millet,1979,2565000.0,2366000.0,922.4,0.9224171539961014,,
Nigeria,Millet,1980,2824000.0,2354000.0,833.6,0.8335694050991501,,
Nigeria,Millet,1981,1708000.0,2682000.0,1570.3,1.5702576112412179,,
Nigeria,Millet,1982,1698000.0,2666000.0,1570.1,1.5700824499411072,,
Nigeria,Millet,1983,1773000.0,2783000.0,1569.7,1.5696559503666103,,
Nigeria,Millet,1984,2133000.0,3349000.0,1570.1,1.5700890764181903,,
Nigeria,Millet,1985,2346000.0,3584000.0,1527.7,1.5277067348678601,,
Nigeria,Millet,1986,3917000.0,4111000.0,1049.5,1.0495276997702323,,
Nigeria,Millet,1987,3829000.0,3905000.0,1019.8,1.0198485244189084,,
Nigeria,Millet,1988,3563000.0,3949000.0,1108.3,1.1083356721863598,,
Nigeria,Millet,1989,4067000.0,4770000.0,1172.9,1.1728546840422915,,
Nigeria,Millet,1990,4778000.0,5136000.0,1074.9,1.0749267475931352,,
Nigeria,Millet,1991,4560000.0,4109000.0,901.1,0.9010964912280702,339.6,1395416400.0
Nigeria,Millet,1992,4367000.0,4501000.0,1030.7,1.030684680558736,328.4,1478128400.0
Nigeria,Millet,1993,4850000.0,4602000.0,948.9,0.9488659793814433,298.2,1372316400.0
Nigeria,Millet,1994,5007000.0,4757000.0,950.1,0.9500699021370081,173.0,822961000.0
Nigeria,Millet,1995,5107000.0,5563000.0,1089.3,1.0892892108870178,147.4,819986200.0
Nigeria,Millet,1996,5356000.0,5681000.0,1060.7,1.0606796116504855,205.5,1167445500.0
Nigeria,Millet,1997,5487000.0,5902000.0,1075.6,1.075633315108438,250.5,1478451000.0
Nigeria,Millet,1998,5596000.0,5956000.0,1064.3,1.0643316654753396,307.3,1830278800.0
Nigeria,Millet,1999,5603000.0,5960000.0,1063.7,1.0637158665000892,193.3,1152068000.0
Nigeria,Millet,2000,5814000.0,6105000.0,1050.1,1.0500515995872033,,
Nigeria,Millet,2001,4254000.0,5530000.0,1300.0,1.2999529854254819,331.4,1832641999.9999998
Nigeria,Millet,2002,4490000.0,5884000.0,1310.5,1.310467706013363,372.9,2194143600.0
Nigeria,Millet,2003,4536000.0,6260000.0,1380.1,1.3800705467372134,256.7,1606942000.0
Nigeria,Millet,2004,4620000.0,6699000.0,1450.0,1.45,282.0,1889118000.0
Nigeria,Millet,2005,4685000.0,7168000.0,1530.0,1.5299893276414087,493.6,3538124800.0
Nigeria,Millet,2006,4971000.0,7705000.0,1550.0,1.5499899416616374,386.0,2974130000.0
Nigeria,Millet,2007,5056000.0,8090000.0,1600.1,1.6000791139240507,348.4,2818556000.0
Nigeria,Millet,2008,4904000.0,9064000.0,1848.3,1.8482871125611746,623.5,5651404000.0
Nigeria,Millet,2009,3787730.0,4929950.0,1301.6,1.3015579251953018,174.1,858304295.0
Nigeria,Millet,2010,4364140.0,5170430.0,1184.8,1.1847534680372307,279.3,1444101099.0
Nigeria,Millet,2011,2827090.0,1271370.0,449.7,0.4497097722392991,283.5,360433395.0
Nigeria,Millet,2012,1328200.0,1280700.0,964.2,0.9642373136575817,292.0,373964400.0
Nigeria,Millet,2013,1485200.0,909560.0,612.4,0.6124158362510099,296.4,269593584.0
Nigeria,Millet,2014,1574400.0,1846200.0,1172.6,1.1726371951219512,,
Nigeria,Millet,2015,1742803.0,1807810.0,1037.3,1.0373002571145449,,
Nigeria,Millet,2016,1737830.0,1487220.0,855.8,0.8557914180328341,,
Nigeria,Millet,2017,1800069.0,1528250.0,849.0,0.8489952329605143,,
Nigeria,Millet,2018,1734330.0,1879340.0,1083.6,1.0836115387498342,,
Nigeria,Millet,2019,1747800.0,1925075.0,1101.4,1.1014275088682917,,
Nigeria,Millet,2020,1762280.0,1905430.0,1081.2,1.0812299975032345,342.2,652038146.0
Nigeria,Millet,2021,1767390.0,1926950.0,1090.3,1.0902800174268272,,
Nigeria,Millet,2022,2000000.0,1941220.0,970.6,0.97061,,
Nigeria,Millet,2023,2000000.0,1559000.0,779.5,0.7795,,
Nigeria,Millet,2024,1900000.0,1550000.0,815.8,0.8157894736842105,,
Nigeria,Rice,1961,149000.0,133000.0,892.6,0.8926174496644296,,
Nigeria,Rice,1962,218000.0,257000.0,1178.9,1.1788990825688073,,
Nigeria,Rice,1963,162000.0,195000.0,1203.7,1.2037037037037037,,
Nigeria,Rice,1964,179000.0,220000.0,1229.1,1.229050279329609,,
Nigeria,Rice,1965,188000.0,231000.0,1228.7,1.2287234042553192,,
Nigeria,Rice,1966,160000.0,199000.0,1243.8,1.24375,,
Nigeria,Rice,1967,262000.0,385000.0,1469.5,1.4694656488549618,,
Nigeria,Rice,1968,235000.0,353000.0,1502.1,1.5021276595744681,,
Nigeria,Rice,1969,258000.0,325000.0,1259.7,1.2596899224806202,,
Nigeria,Rice,1970,255000.0,343000.0,1345.1,1.3450980392156864,,
Nigeria,Rice,1971,304000.0,388000.0,1276.3,1.2763157894736843,,
Nigeria,Rice,1972,237000.0,447000.0,1886.1,1.8860759493670887,,
Nigeria,Rice,1973,373000.0,487000.0,1305.6,1.3056300268096515,,
Nigeria,Rice,1974,269000.0,525000.0,1951.7,1.9516728624535316,,
Nigeria,Rice,1975,261000.0,504000.0,1931.0,1.9310344827586208,,
Nigeria,Rice,1976,172000.0,218000.0,1267.4,1.2674418604651163,,
Nigeria,Rice,1977,246000.0,408000.0,1658.5,1.6585365853658536,,
Nigeria,Rice,1978,292000.0,515000.0,1763.7,1.7636986301369864,,
Nigeria,Rice,1979,400000.0,750000.0,1875.0,1.875,,
Nigeria,Rice,1980,550000.0,1090000.0,1981.8,1.981818181818182,,
Nigeria,Rice,1981,600000.0,1241000.0,2068.3,2.0683333333333334,,
Nigeria,Rice,1982,600000.0,1250000.0,2083.3,2.0833333333333335,,
Nigeria,Rice,1983,630000.0,1280000.0,2031.7,2.0317460317460316,,
Nigeria,Rice,1984,650000.0,1300000.0,2000.0,2.0,,
Nigeria,Rice,1985,670000.0,1430000.0,2134.3,2.1343283582089554,,
Nigeria,Rice,1986,700000.0,1416322.0,2023.3,2.023317142857143,,
Nigeria,Rice,1987,745000.0,1780000.0,2389.3,2.389261744966443,,
Nigeria,Rice,1988,1041000.0,2081000.0,1999.0,1.9990393852065322,,
Nigeria,Rice,1989,1652000.0,3303000.0,1999.4,1.9993946731234866,,
Nigeria,Rice,1990,1208000.0,2500000.0,2069.5,2.0695364238410594,,
Nigeria,Rice,1991,1652000.0,3226000.0,1952.8,1.9527845036319613,761.3,2455953800.0
Nigeria,Rice,1992,1664000.0,3260000.0,1959.1,1.9591346153846154,728.7,2375562000.0
Nigeria,Rice,1993,1564000.0,3065000.0,1959.7,1.9597186700767264,851.1,2608621500.0
Nigeria,Rice,1994,1714000.0,2427000.0,1416.0,1.4159859976662776,344.2,835373400.0
Nigeria,Rice,1995,1796000.0,2920000.0,1625.8,1.6258351893095768,232.6,679192000.0
Nigeria,Rice,1996,1784200.0,3122000.0,1749.8,1.749803833650936,338.9,1058045799.9999999
Nigeria,Rice,1997,2048000.0,3268000.0,1595.7,1.595703125,321.0,1049028000.0
Nigeria,Rice,1998,2044000.0,3275000.0,1602.3,1.6022504892367906,387.0,1267425000.0
Nigeria,Rice,1999,2191000.0,3277000.0,1495.7,1.495664080328617,292.7,959177900.0
Nigeria,Rice,2000,2199000.0,3298000.0,1499.8,1.4997726239199636,,
Nigeria,Rice,2001,2117000.0,2752000.0,1300.0,1.2999527633443553,337.0,927424000.0
Nigeria,Rice,2002,2185000.0,2928000.0,1340.0,1.340045766590389,377.8,1106198400.0
Nigeria,Rice,2003,2210000.0,3116000.0,1410.0,1.4099547511312218,295.8,921712800.0
Nigeria,Rice,2004,2348000.0,3334000.0,1419.9,1.419931856899489,347.4,1158231600.0
Nigeria,Rice,2005,2494000.0,3567000.0,1430.2,1.430232558139535,545.0,1944015000.0
Nigeria,Rice,2006,2725000.0,4042000.0,1483.3,1.483302752293578,511.9,2069099800.0
Nigeria,Rice,2007,2451000.0,3186000.0,1299.9,1.2998776009791921,438.9,1398335400.0
Nigeria,Rice,2008,2382000.0,4179000.0,1754.4,1.7544080604534005,633.8,2648650200.0
Nigeria,Rice,2009,1836880.0,3546250.0,1930.6,1.9305833805147858,191.7,679816125.0
Nigeria,Rice,2010,2432630.0,4472520.0,1838.6,1.8385533352791013,364.4,1629786288.0
Nigeria,Rice,2011,2269410.0,4612614.0,2032.5,2.0325168215527385,387.9,1789232970.6
Nigeria,Rice,2012,2863815.0,5432930.0,1897.1,1.897095308181569,364.4,1979759691.9999998
Nigeria,Rice,2013,2931800.0,5818200.0,1984.5,1.9845146326488847,360.4,2096879279.9999998
Nigeria,Rice,2014,3095900.0,6690000.0,2160.9,2.160922510417003,,
Nigeria,Rice,2015,3651200.0,7573400.0,2074.2,2.0742221735319895,,
Nigeria,Rice,2016,3898900.0,7812200.0,2003.7,2.0036933494062428,,
Nigeria,Rice,2017,3765000.0,7835100.0,2081.0,2.0810358565737053,,
Nigeria,Rice,2018,4065500.0,8403300.0,2067.0,2.066978231459845,,
Nigeria,Rice,2019,4126670.0,8435510.0,2044.1,2.044144552387276,,
Nigeria,Rice,2020,4195100.0,8171800.0,1947.9,1.947939262472885,485.7,3969043260.0
Nigeria,Rice,2021,4320100.0,8342000.0,1931.0,1.9309738200504618,,
Nigeria,Rice,2022,4580000.0,8502000.0,1856.3,1.8563318777292577,,
Nigeria,Rice,2023,4509800.0,8902200.0,1974.0,1.973967803450264,,
Nigeria,Rice,2024,4572900.0,9129900.0,1996.5,1.9965229941612543,,
Nigeria,Sorghum,1961,4658000.0,3958000.0,849.7,0.849720910261915,,
Nigeria,Sorghum,1962,4773000.0,4499000.0,942.6,0.9425937565472449,,
Nigeria,Sorghum,1963,5234000.0,4060000.0,775.7,0.7756973633931983,,
Nigeria,Sorghum,1964,5532000.0,4230000.0,764.6,0.764642082429501,,
Nigeria,Sorghum,1965,5937000.0,4235000.0,713.3,0.7133232272191342,,
Nigeria,Sorghum,1966,4643000.0,3160000.0,680.6,0.6805944432479001,,
Nigeria,Sorghum,1967,4735000.0,3389000.0,715.7,0.7157338965153115,,
Nigeria,Sorghum,1968,5138000.0,3236000.0,629.8,0.629817049435578,,
Nigeria,Sorghum,1969,7809000.0,4093000.0,524.1,0.5241388141887565,,
Nigeria,Sorghum,1970,5714000.0,4052000.0,709.1,0.7091354567728386,,
Nigeria,Sorghum,1971,5387000.0,3794000.0,704.3,0.70428810098385,,
Nigeria,Sorghum,1972,3791000.0,2298000.0,606.2,0.6061725138485887,,
Nigeria,Sorghum,1973,5198000.0,3125000.0,601.2,0.6011927664486341,,
Nigeria,Sorghum,1974,4651000.0,4732000.0,1017.4,1.017415609546334,,
Nigeria,Sorghum,1975,2734000.0,2926000.0,1070.2,1.0702267739575713,,
Nigeria,Sorghum,1976,4845000.0,2950000.0,608.9,0.608875128998968,,
Nigeria,Sorghum,1977,3480000.0,3286000.0,944.3,0.9442528735632184,,
Nigeria,Sorghum,1978,3433000.0,2409000.0,701.7,0.7017186134576172,,
Nigeria,Sorghum,1979,2686000.0,2797000.0,1041.3,1.04132539091586,,
Nigeria,Sorghum,1980,3286000.0,3690000.0,1122.9,1.122945830797322,,
Nigeria,Sorghum,1981,2076500.0,3364000.0,1620.0,1.620033710570672,,
Nigeria,Sorghum,1982,2290000.0,3740000.0,1633.2,1.6331877729257642,,
Nigeria,Sorghum,1983,2280000.0,3694000.0,1620.2,1.6201754385964913,,
Nigeria,Sorghum,1984,4410000.0,4608000.0,1044.9,1.0448979591836736,,
Nigeria,Sorghum,1985,4862000.0,4911000.0,1010.1,1.0100781571369806,,
Nigeria,Sorghum,1986,5147000.0,5425000.0,1054.0,1.0540120458519526,,
Nigeria,Sorghum,1987,5131000.0,5455000.0,1063.1,1.0631455856558176,,
Nigeria,Sorghum,1988,4776000.0,5182000.0,1085.0,1.0850083752093802,,
Nigeria,Sorghum,1989,4953700.0,4831000.0,975.2,0.9752306356864566,,
Nigeria,Sorghum,1990,4185000.0,4185000.0,1000.0,1.0,,
Nigeria,Sorghum,1991,5538000.0,5367000.0,969.1,0.9691224268689057,368.1,1975592700.0000002
Nigeria,Sorghum,1992,5474000.0,5909000.0,1079.5,1.0794665692363903,270.4,1597793599.9999998
Nigeria,Sorghum,1993,5605000.0,6051000.0,1079.6,1.07957181088314,317.2,1919377200.0
Nigeria,Sorghum,1994,5738000.0,6197000.0,1080.0,1.0799930289299406,146.9,910339300.0
Nigeria,Sorghum,1995,6095000.0,6997000.0,1148.0,1.1479901558654635,302.3,2115193100.0
Nigeria,Sorghum,1996,6191000.0,7084000.0,1144.2,1.1442416410919076,194.0,1374296000.0
Nigeria,Sorghum,1997,6589000.0,7297000.0,1107.5,1.1074518136287752,244.2,1781927400.0
Nigeria,Sorghum,1998,6635000.0,7516000.0,1132.8,1.1327807083647325,274.3,2061638800.0
Nigeria,Sorghum,1999,6678000.0,7520000.0,1126.1,1.1260856543875413,199.4,1499488000.0
Nigeria,Sorghum,2000,6885000.0,7711000.0,1120.0,1.1199709513435003,,
Nigeria,Sorghum,2001,6437000.0,7081000.0,1100.0,1.100046605561597,324.9,2300616900.0
Nigeria,Sorghum,2002,6849000.0,7534000.0,1100.0,1.100014600671631,361.0,2719774000.0
Nigeria,Sorghum,2003,6935000.0,8016000.0,1155.9,1.1558759913482335,236.0,1891776000.0
Nigeria,Sorghum,2004,7031000.0,8578000.0,1220.0,1.2200256009102546,274.6,2355518800.0
Nigeria,Sorghum,2005,7284000.0,9178000.0,1260.0,1.2600219659527732,508.9,4670684200.0
Nigeria,Sorghum,2006,7308000.0,9866000.0,1350.0,1.3500273672687466,378.2,3731321200.0
Nigeria,Sorghum,2007,7812000.0,9058000.0,1159.5,1.1594982078853047,320.5,2903089000.0
Nigeria,Sorghum,2008,7617000.0,9318000.0,1223.3,1.2233162662465538,670.2,6244923600.0
Nigeria,Sorghum,2009,4736830.0,5279170.0,1114.5,1.1144942925965255,171.7,906433488.9999999
Nigeria,Sorghum,2010,4960130.0,7140970.0,1439.7,1.4396739601583024,262.2,1872362334.0
Nigeria,Sorghum,2011,4661867.0,5690145.0,1220.6,1.220572144164559,283.5,1613156107.5
Nigeria,Sorghum,2012,5099975.0,5837106.0,1144.5,1.1445361987068563,292.0,1704434952.0
Nigeria,Sorghum,2013,5449200.0,5300270.0,972.7,0.9726693826616751,296.4,1571000027.9999998
Nigeria,Sorghum,2014,5702160.0,6883294.0,1207.1,1.2071379968292717,,
Nigeria,Sorghum,2015,5899134.0,7005025.0,1187.5,1.1874666688364768,,
Nigeria,Sorghum,2016,5472010.0,7556076.0,1380.9,1.3808593186050464,,
Nigeria,Sorghum,2017,5820000.0,6939000.0,1192.3,1.1922680412371134,,
Nigeria,Sorghum,2018,5628899.0,6800000.0,1208.1,1.2080515212655263,,
Nigeria,Sorghum,2019,5397000.0,6665000.0,1234.9,1.2349453400037058,,
Nigeria,Sorghum,2020,5799600.0,6590600.0,1136.4,1.1363887164632043,330.7,2179511420.0
Nigeria,Sorghum,2021,5930900.0,6725500.0,1134.0,1.1339762936485187,,
Nigeria,Sorghum,2022,5700000.0,6806370.0,1194.1,1.1941,,
Nigeria,Sorghum,2023,5700000.0,6402000.0,1123.2,1.1231578947368421,,
Nigeria,Sorghum,2024,6100000.0,6500000.0,1065.6,1.0655737704918034,,
Nigeria,Yam,1961,450000.0,3500000.0,7777.8,7.777777777777778,,
Nigeria,Yam,1962,450000.0,3500000.0,7777.8,7.777777777777778,,
Nigeria,Yam,1963,550000.0,4500000.0,8181.8,8.181818181818182,,
Nigeria,Yam,1964,600000.0,5000000.0,8333.3,8.333333333333334,,
Nigeria,Yam,1965,700000.0,6000000.0,8571.4,8.571428571428571,,
Nigeria,Yam,1966,742000.0,6987000.0,9416.4,9.41644204851752,,
Nigeria,Yam,1967,771000.0,7806000.0,10124.5,10.124513618677042,,
Nigeria,Yam,1968,1068000.0,8233000.0,7708.8,7.7088014981273405,,
Nigeria,Yam,1969,1043000.0,9785000.0,9381.6,9.381591562799617,,
Nigeria,Yam,1970,1237000.0,12033000.0,9727.6,9.727566693613582,,
Nigeria,Yam,1971,1236000.0,9766000.0,7901.3,7.901294498381877,,
Nigeria,Yam,1972,932000.0,6900000.0,7403.4,7.4034334763948495,,
Nigeria,Yam,1973,948000.0,6935000.0,7315.4,7.315400843881856,,
Nigeria,Yam,1974,671000.0,7160000.0,10670.6,10.670640834575261,,
Nigeria,Yam,1975,776000.0,8621000.0,11109.5,11.109536082474227,,
Nigeria,Yam,1976,679000.0,6556000.0,9655.4,9.655375552282768,,
Nigeria,Yam,1977,577000.0,6376000.0,11050.3,11.050259965337954,,
Nigeria,Yam,1978,471000.0,5780000.0,12271.8,12.27176220806794,,
Nigeria,Yam,1979,481000.0,5256000.0,10927.2,10.927234927234927,,
Nigeria,Yam,1980,498000.0,5248000.0,10538.2,10.538152610441767,,
Nigeria,Yam,1981,926000.0,5212000.0,5628.5,5.628509719222462,,
Nigeria,Yam,1982,956000.0,5385000.0,5632.8,5.632845188284519,,
Nigeria,Yam,1983,888000.0,4998000.0,5628.4,5.628378378378378,,
Nigeria,Yam,1984,816000.0,4600000.0,5637.3,5.637254901960785,,
Nigeria,Yam,1985,840000.0,4738000.0,5640.5,5.640476190476191,,
Nigeria,Yam,1986,924000.0,5209000.0,5637.4,5.637445887445887,,
Nigeria,Yam,1987,751000.0,4886000.0,6506.0,6.505992010652464,,
Nigeria,Yam,1988,935000.0,9132000.0,9766.8,9.766844919786097,,
Nigeria,Yam,1989,921000.0,9609000.0,10433.2,10.433224755700326,,
Nigeria,Yam,1990,1276000.0,13624000.0,10677.1,10.677115987460816,,
Nigeria,Yam,1991,1639000.0,16956000.0,10345.3,10.345332519829164,262.0,4442472000.0
Nigeria,Yam,1992,1743000.0,19781000.0,11348.8,11.348823866896156,343.5,6794773500.0
Nigeria,Yam,1993,1906000.0,21632000.0,11349.4,11.349422875131165,532.1,11510387200.0
Nigeria,Yam,1994,2031000.0,23153000.0,11399.8,11.399803052683406,403.3,9337604900.0
Nigeria,Yam,1995,2118000.0,22818000.0,10773.4,10.773371104815864,304.6,6950362800.000001
Nigeria,Yam,1996,2172000.0,23201000.0,10681.9,10.681860036832413,310.2,7196950200.0
Nigeria,Yam,1997,2169890.0,23972000.0,11047.6,11.047564623091493,339.1,8128905200.000001
Nigeria,Yam,1998,2625000.0,24768000.0,9435.4,9.435428571428572,345.6,8559820800.000001
Nigeria,Yam,1999,2613000.0,25873000.0,9901.6,9.901645618063528,328.0,8486344000.0
Nigeria,Yam,2000,2647000.0,26201000.0,9898.4,9.898375519455987,,
Nigeria,Yam,2001,2677000.0,26232000.0,9799.0,9.799028763541278,439.2,11521094400.0
Nigeria,Yam,2002,2794000.0,27911000.0,9989.6,9.989620615604867,493.5,13774078500.0
Nigeria,Yam,2003,2828000.0,29697000.0,10501.1,10.501060820367751,450.3,13372559100.0
Nigeria,Yam,2004,2837000.0,31776000.0,11200.6,11.200563976031018,441.7,14035459200.0
Nigeria,Yam,2005,2957000.0,34000000.0,11498.1,11.498140006763611,504.1,17139400000.0
Nigeria,Yam,2006,3035000.0,36720000.0,12098.8,12.098846787479406,597.2,21929184000.0
Nigeria,Yam,2007,3123000.0,31136000.0,9969.9,9.969900736471342,607.2,18905779200.0
Nigeria,Yam,2008,3045000.0,35017000.0,11499.8,11.49983579638752,753.6,26388811200.0
Nigeria,Yam,2009,2776020.0,29091980.0,10479.7,10.479744382245086,188.5,5483838230.0
Nigeria,Yam,2010,2868990.0,37328180.0,13010.9,13.010913248216271,286.8,10705722024.0
Nigeria,Yam,2011,4475356.0,33134172.0,7403.7,7.40369525910341,305.3,10115862711.6
Nigeria,Yam,2012,4487946.0,32318900.0,7201.3,7.201267573183813,328.1,10603831090.0
Nigeria,Yam,2013,5088300.0,35618420.0,7000.1,7.000062889373661,317.7,11315972034.0
Nigeria,Yam,2014,5333871.0,43709800.0,8194.8,8.19476136561983,,
Nigeria,Yam,2015,5389870.0,44103900.0,8182.7,8.182739101314132,,
Nigeria,Yam,2016,5347483.0,48982621.0,9159.9,9.159939545389859,,
Nigeria,Yam,2017,5276098.0,49519100.0,9385.6,9.385553490477243,,
Nigeria,Yam,2018,5427899.0,55363999.0,10199.9,10.199894839605527,,
Nigeria,Yam,2019,6778080.0,52914910.0,7806.8,7.806769763708897,,
Nigeria,Yam,2020,7128080.0,56345530.0,7904.7,7.904727500252522,,
Nigeria,Yam,2021,7498130.0,59884050.0,7986.5,7.986531308472912,,
Nigeria,Yam,2022,7467286.0,61100194.52,8182.4,8.182383066618849,,
Nigeria,Yam,2023,7613167.0,62378631.04,8193.5,8.193519338272758,,
Nigeria,Yam,2024,8015649.0,65322031.57,8149.3,8.149312871609023,,
